{"chunk_definitions":[{"chunk_id":"csetup_chunk","chunk_label":"setup","document_id":"74DD37C5","expansion_state":0,"options":{"engine":"r","include":false,"label":"setup"},"row":11,"row_count":1,"visible":true},{"chunk_id":"c9w3qv7bb1vv6","chunk_label":"import","document_id":"74DD37C5","expansion_state":0,"options":{"echo":false,"engine":"r","label":"import","message":false,"warning":false},"row":20,"row_count":1,"visible":true},{"chunk_id":"cht97ciqq0bhz","chunk_label":"data prep","document_id":"74DD37C5","expansion_state":0,"options":{"engine":"r","label":"data prep"},"row":26,"row_count":1,"visible":true},{"chunk_id":"cx2xbgov0ywgw","chunk_label":"plot","document_id":"74DD37C5","expansion_state":0,"options":{"engine":"r","label":"plot"},"row":40,"row_count":1,"visible":true}],"chunk_rendered_width":700,"default_chunk_options":{"echo":false,"error":false},"doc_write_time":1549551596,"working_dir":null}