{"chunk_definitions":[{"chunk_id":"c4oiy72rdabge","chunk_label":"ratio2","document_id":"74DD37C5","expansion_state":0,"options":{"engine":"r","label":"ratio2"},"row":43,"row_count":1,"visible":true},{"chunk_id":"cpv82wqj57e9f","chunk_label":"ratio3","document_id":"74DD37C5","expansion_state":0,"options":{"engine":"r","label":"ratio3"},"row":49,"row_count":1,"visible":true},{"chunk_id":"cmgdh8rnoul8i","chunk_label":"select","document_id":"74DD37C5","expansion_state":0,"options":{"engine":"r","label":"select"},"row":55,"row_count":1,"visible":true},{"chunk_id":"cuaua3rdjgvbu","chunk_label":"plot1","document_id":"74DD37C5","expansion_state":0,"options":{"engine":"r","label":"plot1"},"row":70,"row_count":1,"visible":true},{"chunk_id":"c3mdvmjrafgz8","chunk_label":"plot2","document_id":"74DD37C5","expansion_state":0,"options":{"engine":"r","label":"plot"},"row":82,"row_count":1,"visible":true}],"doc_write_time":1549548854}